OutboundNameAddress(name=Matteo, address=3236 Ajax, Ontario J7G 3S1)
OutboundNameAddress(name=User1, address=738 Ajax, Ontario J7G 3S1)
OutboundNameAddress(name=User2, address=728 Ajax, Ontario J7G 3S1)
OutboundNameAddress(name=User3, address=828 Ajax, Ontario J7G 3S1)
OutboundNameAddress(name=User3, address=828 Ajax, Ontario J7G 3S1)
OutboundNameAddress(name=User5, address=828 Ajax, Ontario J7G 3S1)
OutboundNameAddress(name=User6, address=828 Ajax, Ontario J7G 3S1)
OutboundNameAddress(name=User6, address=828 Ajax, Ontario J7G 3S1)
OutboundNameAddress(name=User6, address=828 Ajax, Ontario J7G 3S1)
OutboundNameAddress(name=User7, address=828 Ajax, Ontario J7G 3S1)
OutboundNameAddress(name=User7, address=828 Ajax, Ontario J7G 3S1)
OutboundNameAddress(name=User8, address=828 Ajax, Ontario J7G 3S1)
OutboundNameAddress(name=User9, address=828 Ajax, Ontario J7G 3S1)
OutboundNameAddress(name=User10, address=828 Ajax, Ontario J7G 3S1)
OutboundNameAddress(name=User11, address=828 Ajax, Ontario J7G 3S1)
OutboundNameAddress(name=User12, address=828 Ajax, Ontario J7G 3S1)
OutboundNameAddress(name=User12, address=828 Ajax, Ontario J7G 3S1)
OutboundNameAddress(name=User12, address=828 Toronto, Ontario J7G 3S1)
OutboundNameAddress(name=User15, address=828 Toronto, Ontario J7G 3S1)
OutboundNameAddress(name=User15, address=828 Toronto, Ontario J7G 3S1)
OutboundNameAddress(name=User15, address=828 Toronto, Ontario J7G 3S1)
OutboundNameAddress(name=User15, address=828 Toronto, Ontario J7G 3S1)
